id,date,channel,country,os,impressions,clicks,installs,spend,revenue
1096,2017-06-15,vungle,US,ios,6548,211,36,72.00,90.00
1095,2017-06-15,vungle,US,android,9769,300,64,128.00,299.52
1094,2017-06-15,vungle,GB,ios,6654,198,34,68.00,119.60
1093,2017-06-15,vungle,GB,android,10298,381,74,148.00,99.60
1092,2017-06-15,unityads,US,ios,3471,94,23,46.00,40.00
1091,2017-06-15,unityads,US,android,9618,342,64,188.00,159.20
1090,2017-06-15,unityads,GB,ios,3231,97,23,46.00,30.00
1089,2017-06-15,unityads,GB,android,6710,185,46,92.00,119.92
1088,2017-06-15,unityads,DE,android,3382,85,14,28.00,10.00
1087,2017-06-15,unityads,CA,ios,3410,101,19,38.00,10.00
1086,2017-06-15,unityads,CA,android,3271,131,24,48.00,10.00
1085,2017-06-15,google,US,ios,9730,275,63,99.99,250.96
1084,2017-06-15,google,US,android,3389,93,14,33.33,10.00
1083,2017-06-15,google,GB,ios,3288,137,21,33.33,20.00
1082,2017-06-15,google,GB,android,3455,123,12,33.33,30.00
1081,2017-06-15,google,FR,ios,3481,109,9,33.33,60.50
1080,2017-06-15,google,FR,android,3240,92,16,33.33,10.00
1079,2017-06-15,google,DE,android,3170,32,8,33.33,10.00
1078,2017-06-15,google,CA,android,3237,102,28,33.33,90.00
1077,2017-06-15,facebook,US,ios,6654,194,34,77.60,79.44
1076,2017-06-15,facebook,GB,android,6851,211,18,90.90,88.40
1075,2017-06-15,facebook,FR,ios,3434,108,19,43.20,69.60
1074,2017-06-15,facebook,DE,ios,6792,206,40,82.40,69.60
1073,2017-06-15,facebook,DE,android,6836,165,40,66.00,130.00
1072,2017-06-15,facebook,CA,android,3456,93,18,37.20,20.00
1071,2017-06-15,chartboost,US,ios,3223,89,11,22.00,69.44
1070,2017-06-15,chartboost,US,android,6599,181,34,68.00,90.32
1069,2017-06-15,chartboost,GB,ios,6786,230,50,100.00,188.80
1068,2017-06-15,chartboost,FR,ios,3229,62,7,28.00,0.00
1067,2017-06-15,chartboost,FR,android,3237,120,28,56.00,49.27
1066,2017-06-15,chartboost,DE,ios,3367,39,7,35.00,58.40
1065,2017-06-15,chartboost,DE,android,3301,108,16,32.00,20.00
1064,2017-06-15,chartboost,CA,ios,3251,107,27,54.00,40.00
1063,2017-06-15,apple_search_ads,US,ios,23724,729,148,296.00,319.52
1062,2017-06-15,apple_search_ads,GB,ios,6918,244,58,116.00,229.27
1061,2017-06-15,apple_search_ads,DE,ios,3174,136,27,54.00,188.80
1060,2017-06-15,adcolony,US,ios,20958,545,96,163.50,249.12
1059,2017-06-15,adcolony,US,android,13223,286,52,85.80,136.80
1058,2017-06-14,vungle,US,ios,13255,381,78,156.00,120.00
1057,2017-06-14,vungle,US,android,3280,118,26,52.00,60.50
1056,2017-06-14,vungle,GB,ios,6674,286,58,116.00,178.80
1055,2017-06-14,vungle,GB,android,10419,315,50,100.00,190.00
1054,2017-06-14,unityads,US,ios,6547,231,44,88.00,20.00
1053,2017-06-14,unityads,US,android,6818,215,52,168.00,309.44
1052,2017-06-14,unityads,GB,ios,9824,274,59,118.00,110.32
1051,2017-06-14,unityads,DE,ios,3348,104,15,30.00,80.50
1050,2017-06-14,unityads,CA,ios,6385,210,32,64.00,40.00
1049,2017-06-14,google,US,ios,6832,199,44,66.66,140.64
1048,2017-06-14,google,US,android,6735,186,34,66.66,220.24
1047,2017-06-14,google,GB,ios,3337,122,27,33.33,10.00
1046,2017-06-14,google,GB,android,3252,131,30,33.33,119.20
1045,2017-06-14,google,FR,ios,3392,107,23,33.33,69.27
1044,2017-06-14,google,FR,android,3190,119,18,33.33,20.00
1043,2017-06-14,google,DE,android,3345,37,2,33.33,0.00
1042,2017-06-14,google,CA,ios,3315,92,25,33.33,20.00
1041,2017-06-14,facebook,US,ios,3418,135,45,54.00,20.00
1040,2017-06-14,facebook,US,android,3374,121,34,48.40,30.00
1039,2017-06-14,facebook,GB,ios,6452,198,14,85.50,68.40
1038,2017-06-14,facebook,FR,android,3340,89,16,35.60,10.00
1037,2017-06-14,facebook,DE,ios,6637,247,50,98.80,280.31
1036,2017-06-14,facebook,DE,android,6854,175,28,70.00,118.40
1035,2017-06-14,facebook,CA,android,3255,95,20,38.00,180.96
1034,2017-06-14,chartboost,US,ios,3291,85,13,26.00,20.00
1033,2017-06-14,chartboost,US,android,6647,215,34,68.00,80.32
1032,2017-06-14,chartboost,GB,ios,3328,139,29,58.00,10.00
1031,2017-06-14,chartboost,GB,android,3195,130,34,68.00,119.20
1030,2017-06-14,chartboost,FR,ios,3475,122,33,66.00,187.82
1029,2017-06-14,chartboost,FR,android,3494,63,2,8.00,0.00
1028,2017-06-14,chartboost,DE,ios,3357,107,21,42.00,0.00
1027,2017-06-14,chartboost,DE,android,3393,39,14,70.00,58.40
1026,2017-06-14,chartboost,CA,android,3258,110,22,44.00,69.60
1025,2017-06-14,apple_search_ads,US,ios,23533,710,132,264.00,340.24
1024,2017-06-14,apple_search_ads,GB,ios,6954,238,41,82.00,60.00
1023,2017-06-14,apple_search_ads,DE,ios,3391,134,18,36.00,69.60
1022,2017-06-14,adcolony,US,ios,20161,401,66,120.30,334.48
1021,2017-06-14,adcolony,US,android,13080,384,72,115.20,278.80
1020,2017-06-13,vungle,US,ios,6765,219,46,92.00,60.00
1019,2017-06-13,vungle,US,android,9700,285,50,100.00,110.00
1018,2017-06-13,vungle,GB,ios,3477,121,21,42.00,69.60
1017,2017-06-13,vungle,GB,android,12904,464,104,208.00,348.80
1016,2017-06-13,unityads,US,ios,13111,418,78,194.00,130.32
1015,2017-06-13,unityads,GB,ios,6808,177,28,56.00,10.00
1014,2017-06-13,unityads,GB,android,3419,100,16,32.00,40.00
1013,2017-06-13,unityads,DE,ios,3225,99,19,38.00,40.00
1012,2017-06-13,unityads,CA,ios,3321,141,37,74.00,149.20
1011,2017-06-13,unityads,CA,android,3169,121,28,56.00,70.00
1010,2017-06-13,google,US,ios,3307,87,17,33.33,20.00
1009,2017-06-13,google,US,android,10113,285,56,99.99,230.24
1008,2017-06-13,google,GB,ios,3252,127,35,33.33,149.20
1007,2017-06-13,google,GB,android,3326,142,30,33.33,79.60
1006,2017-06-13,google,FR,ios,6914,202,34,66.66,79.27
1005,2017-06-13,google,DE,ios,3404,33,5,33.33,0.00
1004,2017-06-13,google,CA,ios,3323,108,19,33.33,20.00
1003,2017-06-13,facebook,US,ios,3169,104,23,41.60,108.89
1002,2017-06-13,facebook,US,android,3225,125,26,50.00,20.00
1001,2017-06-13,facebook,GB,ios,6994,197,22,84.60,0.00
1000,2017-06-13,facebook,FR,android,3310,115,20,46.00,69.60
999,2017-06-13,facebook,DE,ios,6856,171,26,68.40,58.40
998,2017-06-13,facebook,DE,android,6650,194,32,77.60,79.60
997,2017-06-13,facebook,CA,ios,3177,95,19,38.00,10.00
996,2017-06-13,chartboost,US,ios,3251,106,13,26.00,10.00
995,2017-06-13,chartboost,US,android,6462,220,40,80.00,90.32
994,2017-06-13,chartboost,GB,ios,3326,121,21,42.00,59.60
993,2017-06-13,chartboost,GB,android,3347,129,24,48.00,50.00
992,2017-06-13,chartboost,FR,android,6569,200,26,56.00,40.00
991,2017-06-13,chartboost,DE,ios,6583,130,22,65.00,90.24
990,2017-06-13,chartboost,CA,ios,3391,81,13,26.00,10.00
989,2017-06-13,apple_search_ads,US,ios,22227,688,137,274.00,518.88
988,2017-06-13,apple_search_ads,GB,ios,6728,234,51,102.00,188.55
987,2017-06-13,apple_search_ads,DE,ios,3348,128,23,46.00,69.60
986,2017-06-13,adcolony,US,ios,13060,352,68,105.60,228.49
985,2017-06-13,adcolony,US,android,20867,440,86,132.00,309.44
984,2017-06-12,vungle,US,ios,9802,275,63,126.00,240.96
983,2017-06-12,vungle,US,android,6399,209,48,96.00,120.10
982,2017-06-12,vungle,GB,ios,6503,233,50,100.00,258.40
981,2017-06-12,vungle,GB,android,10305,302,66,132.00,268.00
980,2017-06-12,unityads,US,ios,6410,233,46,92.00,69.60
979,2017-06-12,unityads,US,android,6744,222,52,164.00,40.00
978,2017-06-12,unityads,GB,ios,10339,280,51,102.00,259.12
977,2017-06-12,unityads,DE,android,3348,99,18,36.00,60.50
976,2017-06-12,unityads,CA,ios,3192,103,23,46.00,119.20
975,2017-06-12,unityads,CA,android,3247,98,20,40.00,90.00
974,2017-06-12,google,US,ios,3463,111,19,33.33,30.00
973,2017-06-12,google,US,android,10057,283,54,99.99,311.28
972,2017-06-12,google,GB,ios,3495,127,21,33.33,79.60
971,2017-06-12,google,GB,android,3290,145,28,33.33,89.60
970,2017-06-12,google,FR,android,6783,207,34,66.66,40.00
969,2017-06-12,google,CA,ios,3440,90,13,33.33,70.00
968,2017-06-12,facebook,US,ios,6739,228,44,91.20,109.44
967,2017-06-12,facebook,GB,ios,3378,71,7,35.50,0.00
966,2017-06-12,facebook,GB,android,3237,125,18,50.00,20.00
965,2017-06-12,facebook,FR,android,3227,80,10,32.00,59.60
964,2017-06-12,facebook,DE,android,12764,397,64,158.80,98.40
963,2017-06-12,facebook,CA,android,3305,93,14,37.20,20.00
962,2017-06-12,chartboost,US,ios,3282,114,21,42.00,30.00
961,2017-06-12,chartboost,US,android,6547,188,46,92.00,349.29
960,2017-06-12,chartboost,GB,ios,3466,136,23,46.00,50.00
959,2017-06-12,chartboost,GB,android,3296,118,20,40.00,40.00
958,2017-06-12,chartboost,FR,ios,6859,173,30,78.00,167.82
957,2017-06-12,chartboost,DE,ios,3294,28,5,25.00,20.00
956,2017-06-12,chartboost,DE,android,3371,110,18,36.00,20.00
955,2017-06-12,chartboost,CA,ios,3294,102,25,50.00,89.60
954,2017-06-12,apple_search_ads,US,ios,24473,652,122,244.00,398.88
953,2017-06-12,apple_search_ads,GB,ios,6794,191,27,54.00,0.00
952,2017-06-12,apple_search_ads,DE,ios,3488,136,24,48.00,59.60
951,2017-06-12,adcolony,US,ios,13956,369,72,110.70,149.20
950,2017-06-12,adcolony,US,android,19627,494,94,148.20,399.12
949,2017-06-11,vungle,US,ios,9679,296,57,114.00,180.82
948,2017-06-11,vungle,US,android,6621,174,38,76.00,89.60
947,2017-06-11,vungle,GB,ios,13689,502,108,216.00,428.00
946,2017-06-11,vungle,GB,android,3182,109,20,40.00,60.00
945,2017-06-11,unityads,US,ios,6991,193,32,64.00,287.41
944,2017-06-11,unityads,US,android,6674,250,50,140.00,248.40
943,2017-06-11,unityads,GB,ios,3273,100,23,46.00,69.60
942,2017-06-11,unityads,GB,android,6747,194,34,68.00,90.00
941,2017-06-11,unityads,DE,ios,3184,97,17,34.00,60.00
940,2017-06-11,unityads,CA,ios,6947,223,38,76.00,50.00
939,2017-06-11,google,US,ios,3459,99,17,33.33,20.00
938,2017-06-11,google,US,android,10281,284,64,99.99,190.64
937,2017-06-11,google,GB,ios,3380,147,29,33.33,40.00
936,2017-06-11,google,GB,android,3206,127,30,33.33,30.00
935,2017-06-11,google,FR,ios,3253,90,13,33.33,10.00
934,2017-06-11,google,FR,android,3450,97,22,33.33,111.00
933,2017-06-11,google,DE,android,3464,35,4,33.33,0.00
932,2017-06-11,google,CA,ios,3273,84,11,33.33,60.00
931,2017-06-11,facebook,US,ios,3319,118,25,47.20,79.60
930,2017-06-11,facebook,US,android,3283,100,20,40.00,59.44
929,2017-06-11,facebook,GB,ios,3416,128,15,51.20,58.40
928,2017-06-11,facebook,GB,android,3346,55,4,43612.00,20.00
927,2017-06-11,facebook,FR,ios,3279,100,15,40.00,69.60
926,2017-06-11,facebook,DE,ios,6674,228,48,91.20,130.00
925,2017-06-11,facebook,DE,android,6354,156,24,62.40,88.40
924,2017-06-11,facebook,CA,ios,3203,96,17,38.40,30.00
923,2017-06-11,chartboost,US,ios,6420,177,26,52.00,20.00
922,2017-06-11,chartboost,US,android,3483,111,24,48.00,188.33
921,2017-06-11,chartboost,GB,android,6542,250,48,96.00,60.00
920,2017-06-11,chartboost,FR,ios,6646,203,34,78.00,30.00
919,2017-06-11,chartboost,DE,ios,3331,37,9,45.00,0.00
918,2017-06-11,chartboost,DE,android,3272,92,14,28.00,20.00
917,2017-06-11,chartboost,CA,android,3183,102,22,44.00,59.60
916,2017-06-11,apple_search_ads,US,ios,23642,688,150,300.00,270.08
915,2017-06-11,apple_search_ads,GB,ios,6685,215,32,64.00,70.00
914,2017-06-11,apple_search_ads,DE,ios,3374,127,14,28.00,20.00
913,2017-06-11,adcolony,US,ios,24317,599,135,179.70,379.60
912,2017-06-11,adcolony,US,android,9609,251,36,75.30,90.00
911,2017-06-10,vungle,US,ios,9658,298,57,114.00,40.00
910,2017-06-10,vungle,US,android,6698,202,42,84.00,110.64
909,2017-06-10,vungle,GB,ios,3172,97,25,50.00,30.00
908,2017-06-10,vungle,GB,android,13811,455,88,176.00,367.60
907,2017-06-10,unityads,US,ios,6957,200,46,92.00,240.23
906,2017-06-10,unityads,US,android,6556,280,58,172.00,60.00
905,2017-06-10,unityads,GB,ios,3179,108,29,58.00,89.60
904,2017-06-10,unityads,GB,android,6372,217,38,76.00,149.92
903,2017-06-10,unityads,DE,android,3250,91,20,40.00,20.00
902,2017-06-10,unityads,CA,ios,3384,141,35,70.00,40.00
901,2017-06-10,unityads,CA,android,3176,80,18,36.00,60.00
900,2017-06-10,google,US,ios,3311,105,23,33.33,130.64
899,2017-06-10,google,US,android,10179,297,64,99.99,228.80
898,2017-06-10,google,GB,ios,6948,250,54,66.66,109.60
897,2017-06-10,google,FR,ios,3285,78,11,33.33,10.00
896,2017-06-10,google,FR,android,3340,111,18,33.33,10.00
895,2017-06-10,google,DE,android,3381,31,2,33.33,0.00
894,2017-06-10,google,CA,ios,3380,103,23,33.33,20.00
893,2017-06-10,facebook,US,ios,3253,95,17,38.00,40.00
892,2017-06-10,facebook,US,android,3472,122,24,48.80,129.20
891,2017-06-10,facebook,GB,ios,6593,205,24,88.40,10.00
890,2017-06-10,facebook,FR,android,3166,102,16,40.80,59.60
889,2017-06-10,facebook,DE,ios,6412,191,28,76.40,59.60
888,2017-06-10,facebook,DE,android,6615,195,44,78.00,190.00
887,2017-06-10,facebook,CA,ios,3246,102,15,40.80,20.00
886,2017-06-10,chartboost,US,ios,3376,92,21,42.00,69.44
885,2017-06-10,chartboost,US,android,6521,210,44,88.00,170.32
884,2017-06-10,chartboost,GB,ios,6343,292,54,108.00,228.40
883,2017-06-10,chartboost,FR,ios,3212,139,21,42.00,20.00
882,2017-06-10,chartboost,FR,android,3268,61,8,32.00,48.40
881,2017-06-10,chartboost,DE,ios,3429,103,25,50.00,70.24
880,2017-06-10,chartboost,DE,android,3490,32,4,20.00,10.00
879,2017-06-10,chartboost,CA,android,3334,94,18,36.00,59.60
878,2017-06-10,apple_search_ads,US,ios,24242,696,142,284.00,308.49
877,2017-06-10,apple_search_ads,GB,ios,6673,232,44,88.00,30.00
876,2017-06-10,apple_search_ads,DE,ios,3331,132,28,56.00,79.60
875,2017-06-10,adcolony,US,ios,20184,479,82,143.70,387.84
874,2017-06-10,adcolony,US,android,13420,308,68,92.40,156.40
873,2017-06-09,vungle,US,ios,9725,306,57,114.00,100.32
872,2017-06-09,vungle,US,android,6748,198,48,96.00,110.00
871,2017-06-09,vungle,GB,ios,9788,345,57,114.00,149.20
870,2017-06-09,vungle,GB,android,6856,227,48,96.00,110.00
869,2017-06-09,unityads,US,ios,6904,195,34,68.00,79.27
868,2017-06-09,unityads,US,android,6672,267,56,176.00,149.60
867,2017-06-09,unityads,GB,ios,3324,107,23,46.00,70.32
866,2017-06-09,unityads,GB,android,6920,199,42,84.00,60.00
865,2017-06-09,unityads,DE,android,3354,98,18,36.00,0.00
864,2017-06-09,unityads,CA,ios,6949,227,44,88.00,40.00
863,2017-06-09,google,US,ios,10417,256,53,99.99,228.40
862,2017-06-09,google,US,android,3310,101,22,33.33,10.00
861,2017-06-09,google,GB,ios,3289,122,25,33.33,79.60
860,2017-06-09,google,GB,android,3349,122,26,33.33,49.60
859,2017-06-09,google,FR,ios,6441,191,44,66.66,108.55
858,2017-06-09,google,DE,ios,3227,24,3,33.33,0.00
857,2017-06-09,google,CA,android,3284,99,24,33.33,60.00
856,2017-06-09,facebook,US,android,6644,219,32,87.60,89.44
855,2017-06-09,facebook,GB,ios,3374,135,11,54.00,0.00
854,2017-06-09,facebook,GB,android,3227,71,6,35.50,0.00
853,2017-06-09,facebook,FR,ios,3421,108,17,43.20,50.00
852,2017-06-09,facebook,DE,ios,6429,244,46,97.60,79.60
851,2017-06-09,facebook,DE,android,6719,174,28,69.60,0.00
850,2017-06-09,facebook,CA,ios,3250,86,15,34.40,110.64
849,2017-06-09,chartboost,US,ios,6952,186,36,72.00,70.00
848,2017-06-09,chartboost,US,android,3395,78,12,24.00,10.00
847,2017-06-09,chartboost,GB,android,6354,302,56,112.00,129.60
846,2017-06-09,chartboost,FR,ios,6532,205,38,90.00,30.00
845,2017-06-09,chartboost,DE,android,6492,146,24,78.00,60.24
844,2017-06-09,chartboost,CA,android,3172,90,18,36.00,10.00
843,2017-06-09,apple_search_ads,US,ios,23105,676,125,250.00,467.52
842,2017-06-09,apple_search_ads,GB,ios,6423,228,55,110.00,40.00
841,2017-06-09,apple_search_ads,DE,ios,3331,116,28,56.00,129.20
840,2017-06-09,adcolony,US,ios,16824,491,115,147.30,258.80
839,2017-06-09,adcolony,US,android,15971,374,72,112.20,283.77
838,2017-06-08,vungle,US,ios,10316,308,61,122.00,290.16
837,2017-06-08,vungle,US,android,6348,207,48,96.00,150.50
836,2017-06-08,vungle,GB,ios,6408,212,38,76.00,10.00
835,2017-06-08,vungle,GB,android,9782,361,68,136.00,218.80
834,2017-06-08,unityads,US,ios,10249,331,59,118.00,89.60
833,2017-06-08,unityads,US,android,3438,130,26,104.00,60.00
832,2017-06-08,unityads,GB,ios,3174,99,25,50.00,129.20
831,2017-06-08,unityads,GB,android,6759,192,48,96.00,159.92
830,2017-06-08,unityads,DE,ios,3258,101,21,42.00,70.50
829,2017-06-08,unityads,CA,ios,3259,137,23,46.00,119.20
828,2017-06-08,unityads,CA,android,3443,88,16,32.00,80.00
827,2017-06-08,google,US,ios,6554,187,24,66.66,40.00
826,2017-06-08,google,US,android,6915,186,36,66.66,209.92
825,2017-06-08,google,GB,android,6725,261,48,66.66,179.20
824,2017-06-08,google,FR,ios,3257,101,21,33.33,59.27
823,2017-06-08,google,FR,android,3467,99,26,33.33,121.00
822,2017-06-08,google,DE,android,3441,32,4,33.33,10.00
821,2017-06-08,google,CA,android,3275,110,18,33.33,20.00
820,2017-06-08,facebook,US,android,6956,223,54,89.20,139.04
819,2017-06-08,facebook,GB,android,6692,182,18,78.60,68.40
818,2017-06-08,facebook,FR,android,3382,94,22,37.60,10.00
817,2017-06-08,facebook,DE,android,13323,419,80,167.60,370.07
816,2017-06-08,facebook,CA,ios,3307,105,21,42.00,80.32
815,2017-06-08,chartboost,US,ios,6624,171,38,76.00,80.00
814,2017-06-08,chartboost,US,android,3448,106,28,56.00,110.32
813,2017-06-08,chartboost,GB,ios,3287,146,27,54.00,20.00
812,2017-06-08,chartboost,GB,android,3395,124,24,48.00,20.00
811,2017-06-08,chartboost,FR,ios,3182,123,23,46.00,49.27
810,2017-06-08,chartboost,FR,android,3200,57,6,24.00,0.00
809,2017-06-08,chartboost,DE,android,6821,141,26,64.00,0.00
808,2017-06-08,chartboost,CA,android,3177,106,20,40.00,59.60
807,2017-06-08,apple_search_ads,US,ios,23060,679,134,268.00,260.24
806,2017-06-08,apple_search_ads,GB,ios,6489,211,49,98.00,140.00
805,2017-06-08,apple_search_ads,DE,ios,3474,110,27,54.00,129.20
804,2017-06-08,adcolony,US,ios,23239,600,117,180.00,348.24
803,2017-06-08,adcolony,US,android,10276,223,40,66.90,110.00
802,2017-06-07,vungle,US,ios,9622,328,69,138.00,330.20
801,2017-06-07,vungle,US,android,6558,201,30,60.00,150.64
800,2017-06-07,vungle,GB,android,17085,591,100,200.00,368.40
799,2017-06-07,unityads,US,ios,9548,355,67,180.00,270.24
798,2017-06-07,unityads,US,android,3481,126,26,52.00,139.20
797,2017-06-07,unityads,GB,ios,6706,203,26,52.00,89.60
796,2017-06-07,unityads,GB,android,3371,100,12,24.00,60.32
795,2017-06-07,unityads,DE,android,3214,80,18,36.00,50.00
794,2017-06-07,unityads,CA,ios,3375,127,29,58.00,50.00
793,2017-06-07,unityads,CA,android,3321,103,16,32.00,40.00
792,2017-06-07,google,US,ios,6978,212,48,66.66,90.32
791,2017-06-07,google,US,android,6506,190,42,66.66,100.32
790,2017-06-07,google,GB,ios,3227,104,17,33.33,59.60
789,2017-06-07,google,GB,android,3192,117,24,33.33,20.00
788,2017-06-07,google,FR,android,6865,194,36,66.66,99.77
787,2017-06-07,google,DE,ios,3170,30,5,33.33,10.00
786,2017-06-07,google,CA,android,3312,82,18,33.33,60.00
785,2017-06-07,facebook,US,ios,3395,97,23,38.80,59.44
784,2017-06-07,facebook,US,android,3223,121,28,48.40,188.80
783,2017-06-07,facebook,GB,ios,6541,209,24,91.40,128.40
782,2017-06-07,facebook,FR,android,3258,88,14,35.20,10.00
781,2017-06-07,facebook,DE,ios,3201,92,23,36.80,60.00
780,2017-06-07,facebook,DE,android,9937,296,60,118.40,90.24
779,2017-06-07,facebook,CA,android,3317,103,20,41.20,130.64
778,2017-06-07,chartboost,US,ios,9813,285,61,122.00,300.40
777,2017-06-07,chartboost,GB,ios,6380,262,52,104.00,169.60
776,2017-06-07,chartboost,FR,ios,3228,138,31,62.00,59.27
775,2017-06-07,chartboost,FR,android,3419,81,12,48.00,68.40
774,2017-06-07,chartboost,DE,ios,3247,27,3,15.00,0.00
773,2017-06-07,chartboost,DE,android,3275,97,16,32.00,80.24
772,2017-06-07,chartboost,CA,ios,3446,85,21,42.00,109.20
771,2017-06-07,apple_search_ads,US,ios,23975,716,141,282.00,708.72
770,2017-06-07,apple_search_ads,GB,ios,6763,237,49,98.00,90.00
769,2017-06-07,apple_search_ads,DE,ios,3240,149,25,50.00,40.00
768,2017-06-07,adcolony,US,ios,9873,231,43,69.30,282.80
767,2017-06-07,adcolony,US,android,24408,596,112,178.80,396.40
766,2017-06-06,vungle,US,ios,6960,209,50,100.00,412.24
765,2017-06-06,vungle,US,android,9554,261,48,96.00,120.00
764,2017-06-06,vungle,GB,ios,6855,237,48,96.00,139.20
763,2017-06-06,vungle,GB,android,10356,356,78,156.00,170.00
762,2017-06-06,unityads,US,ios,3354,155,31,124.00,149.60
761,2017-06-06,unityads,US,android,10445,339,58,116.00,50.00
760,2017-06-06,unityads,GB,ios,3257,90,17,34.00,20.00
759,2017-06-06,unityads,GB,android,6977,207,38,76.00,219.84
758,2017-06-06,unityads,DE,android,3168,123,20,40.00,141.00
757,2017-06-06,unityads,CA,android,6908,227,40,80.00,219.20
756,2017-06-06,google,US,android,12887,370,72,133.32,240.24
755,2017-06-06,google,GB,android,6984,247,52,66.66,199.20
754,2017-06-06,google,FR,ios,6732,219,46,66.66,89.27
753,2017-06-06,google,DE,android,3282,24,2,33.33,10.00
752,2017-06-06,google,CA,ios,3305,100,21,33.33,50.00
751,2017-06-06,facebook,US,ios,3491,149,27,59.60,59.60
750,2017-06-06,facebook,US,android,3180,108,30,43.20,79.44
749,2017-06-06,facebook,GB,ios,3377,59,7,43614.00,10.00
748,2017-06-06,facebook,GB,android,3465,132,16,52.80,30.00
747,2017-06-06,facebook,FR,ios,3372,104,19,41.60,89.60
746,2017-06-06,facebook,DE,ios,6416,199,48,79.60,148.80
745,2017-06-06,facebook,DE,android,6564,156,34,62.40,178.40
744,2017-06-06,facebook,CA,android,3296,110,28,44.00,170.96
743,2017-06-06,chartboost,US,ios,6948,202,44,88.00,128.89
742,2017-06-06,chartboost,US,android,3172,88,10,20.00,20.00
741,2017-06-06,chartboost,GB,ios,6549,267,58,116.00,129.20
740,2017-06-06,chartboost,FR,android,6666,232,26,64.00,30.00
739,2017-06-06,chartboost,DE,android,6859,111,22,56.00,60.24
738,2017-06-06,chartboost,CA,ios,3184,94,21,42.00,69.60
737,2017-06-06,apple_search_ads,US,ios,22863,720,128,256.00,219.20
736,2017-06-06,apple_search_ads,GB,ios,6657,228,38,76.00,50.00
735,2017-06-06,apple_search_ads,DE,ios,3364,123,26,52.00,40.00
734,2017-06-06,adcolony,US,ios,12892,303,48,90.90,109.44
733,2017-06-06,adcolony,US,android,20129,510,100,153.00,368.16
732,2017-06-05,vungle,US,ios,10356,303,59,118.00,279.44
731,2017-06-05,vungle,US,android,6866,208,32,64.00,40.00
730,2017-06-05,vungle,GB,ios,10089,330,77,154.00,129.60
729,2017-06-05,vungle,GB,android,6657,243,50,100.00,50.00
728,2017-06-05,unityads,US,ios,6435,196,42,84.00,160.64
727,2017-06-05,unityads,US,android,6627,273,50,152.00,119.60
726,2017-06-05,unityads,GB,ios,9636,268,61,122.00,110.32
725,2017-06-05,unityads,DE,android,3236,94,24,48.00,50.50
724,2017-06-05,unityads,CA,ios,6387,234,46,92.00,239.20
723,2017-06-05,google,US,ios,6849,187,42,66.66,110.32
722,2017-06-05,google,US,android,6528,180,38,66.66,129.20
721,2017-06-05,google,GB,ios,3267,138,27,33.33,69.60
720,2017-06-05,google,GB,android,3342,133,28,33.33,59.60
719,2017-06-05,google,FR,ios,6945,183,34,66.66,10.00
718,2017-06-05,google,DE,ios,3478,35,1,33.33,0.00
717,2017-06-05,google,CA,ios,3173,81,17,33.33,20.00
716,2017-06-05,facebook,US,android,6663,232,40,92.80,158.89
715,2017-06-05,facebook,GB,ios,6562,205,14,88.70,58.40
714,2017-06-05,facebook,FR,android,3408,113,18,45.20,139.20
713,2017-06-05,facebook,DE,ios,3349,141,31,56.40,99.60
712,2017-06-05,facebook,DE,android,9701,243,52,97.20,80.24
711,2017-06-05,facebook,CA,android,3171,95,16,38.00,120.64
710,2017-06-05,chartboost,US,ios,3368,114,19,38.00,20.00
709,2017-06-05,chartboost,US,android,6490,185,34,68.00,120.00
708,2017-06-05,chartboost,GB,ios,3391,129,23,46.00,20.00
707,2017-06-05,chartboost,GB,android,3356,159,34,68.00,149.20
706,2017-06-05,chartboost,FR,ios,3439,120,21,42.00,60.00
705,2017-06-05,chartboost,FR,android,3291,56,4,16.00,0.00
704,2017-06-05,chartboost,DE,ios,6483,136,24,69.00,90.24
703,2017-06-05,chartboost,CA,ios,3226,112,17,34.00,20.00
702,2017-06-05,apple_search_ads,US,ios,23546,675,141,282.00,409.84
701,2017-06-05,apple_search_ads,GB,ios,6794,225,45,90.00,129.27
700,2017-06-05,apple_search_ads,DE,ios,3386,136,30,60.00,30.00
699,2017-06-05,adcolony,US,ios,6763,126,20,37.80,8.00
698,2017-06-05,adcolony,US,android,27441,676,128,202.80,346.16
697,2017-06-04,vungle,US,ios,3307,101,23,46.00,110.64
696,2017-06-04,vungle,US,android,13431,401,84,168.00,170.32
695,2017-06-04,vungle,GB,ios,9542,323,67,134.00,239.20
694,2017-06-04,vungle,GB,android,6674,251,50,100.00,198.80
693,2017-06-04,unityads,US,ios,6609,222,46,92.00,139.92
692,2017-06-04,unityads,US,android,6850,212,44,136.00,40.00
691,2017-06-04,unityads,GB,ios,6378,171,36,72.00,40.00
690,2017-06-04,unityads,GB,android,3241,104,18,36.00,20.00
689,2017-06-04,unityads,DE,ios,3437,108,19,38.00,111.00
688,2017-06-04,unityads,CA,ios,3225,102,21,42.00,60.00
687,2017-06-04,unityads,CA,android,3340,152,34,68.00,79.60
686,2017-06-04,google,US,ios,13251,437,72,133.32,170.64
685,2017-06-04,google,GB,ios,3350,119,23,33.33,30.00
684,2017-06-04,google,GB,android,3428,144,26,33.33,198.80
683,2017-06-04,google,FR,ios,6648,169,36,66.66,30.00
682,2017-06-04,google,DE,android,3194,28,4,33.33,0.00
681,2017-06-04,google,CA,ios,3242,111,11,33.33,20.00
680,2017-06-04,facebook,US,ios,3452,96,17,38.40,79.44
679,2017-06-04,facebook,US,android,3404,133,26,53.20,79.60
678,2017-06-04,facebook,GB,ios,6722,193,18,84.30,10.00
677,2017-06-04,facebook,FR,ios,3402,96,21,38.40,40.00
676,2017-06-04,facebook,DE,ios,6606,242,46,96.80,50.00
675,2017-06-04,facebook,DE,android,6906,156,34,62.40,60.00
674,2017-06-04,facebook,CA,ios,3182,104,19,41.60,150.64
673,2017-06-04,chartboost,US,ios,3297,101,23,46.00,80.00
672,2017-06-04,chartboost,US,android,6338,214,46,92.00,230.40
671,2017-06-04,chartboost,GB,android,6813,242,48,96.00,218.80
670,2017-06-04,chartboost,FR,android,6459,195,38,88.00,20.00
669,2017-06-04,chartboost,DE,android,6917,129,22,62.00,60.24
668,2017-06-04,chartboost,CA,android,3470,112,24,48.00,69.60
667,2017-06-04,apple_search_ads,US,ios,23404,722,141,282.00,489.68
666,2017-06-04,apple_search_ads,GB,ios,6824,247,48,96.00,169.27
665,2017-06-04,apple_search_ads,DE,ios,3242,115,20,40.00,20.00
664,2017-06-04,adcolony,US,ios,17002,354,59,106.20,217.12
663,2017-06-04,adcolony,US,android,17091,455,92,136.50,218.00
662,2017-06-03,vungle,US,ios,10281,316,65,130.00,210.24
661,2017-06-03,vungle,US,android,6545,193,38,76.00,250.96
660,2017-06-03,vungle,GB,ios,6908,246,50,100.00,60.00
659,2017-06-03,vungle,GB,android,10255,356,74,148.00,308.40
658,2017-06-03,unityads,US,ios,3282,159,25,100.00,109.60
657,2017-06-03,unityads,US,android,9911,328,70,140.00,120.64
656,2017-06-03,unityads,GB,ios,6718,185,38,76.00,90.00
655,2017-06-03,unityads,GB,android,3455,116,26,52.00,40.00
654,2017-06-03,unityads,DE,android,3426,100,24,48.00,121.00
653,2017-06-03,unityads,CA,android,6663,226,38,76.00,140.00
652,2017-06-03,google,US,ios,3420,101,15,33.33,70.32
651,2017-06-03,google,US,android,10011,287,68,99.99,369.76
650,2017-06-03,google,GB,android,6636,250,42,66.66,90.00
649,2017-06-03,google,FR,ios,3435,101,21,33.33,59.27
648,2017-06-03,google,FR,android,3469,108,22,33.33,111.00
647,2017-06-03,google,DE,android,3414,41,2,33.33,58.00
646,2017-06-03,google,CA,android,3235,100,22,33.33,20.00
645,2017-06-03,facebook,US,ios,3173,95,15,38.00,10.00
644,2017-06-03,facebook,US,android,3394,131,34,52.40,49.60
643,2017-06-03,facebook,GB,ios,3278,60,3,30.00,0.00
642,2017-06-03,facebook,GB,android,3334,124,8,49.60,0.00
641,2017-06-03,facebook,FR,android,3203,90,20,36.00,20.00
640,2017-06-03,facebook,DE,ios,9737,316,63,126.40,177.60
639,2017-06-03,facebook,DE,android,3234,85,14,34.00,10.00
638,2017-06-03,facebook,CA,android,3297,85,14,34.00,10.00
637,2017-06-03,chartboost,US,ios,3180,103,15,30.00,59.44
636,2017-06-03,chartboost,US,android,6873,200,40,80.00,190.96
635,2017-06-03,chartboost,GB,ios,6853,284,62,124.00,208.80
634,2017-06-03,chartboost,FR,android,6623,182,30,72.00,98.55
633,2017-06-03,chartboost,DE,android,6462,157,36,96.00,70.24
632,2017-06-03,chartboost,CA,android,3347,105,24,48.00,89.60
631,2017-06-03,apple_search_ads,US,ios,23255,714,123,246.00,588.88
630,2017-06-03,apple_search_ads,GB,ios,6996,225,45,90.00,188.55
629,2017-06-03,apple_search_ads,DE,ios,3179,134,26,52.00,59.60
628,2017-06-03,adcolony,US,ios,13883,214,42,64.20,68.00
627,2017-06-03,adcolony,US,android,20555,598,144,179.40,517.21
626,2017-06-02,vungle,US,ios,6387,200,40,80.00,60.00
625,2017-06-02,vungle,US,android,10254,319,74,148.00,219.52
624,2017-06-02,vungle,GB,ios,6783,250,34,68.00,40.00
623,2017-06-02,vungle,GB,android,10351,348,80,160.00,259.20
622,2017-06-02,unityads,US,ios,9963,382,71,188.00,89.60
621,2017-06-02,unityads,US,android,3167,98,20,40.00,50.00
620,2017-06-02,unityads,GB,ios,3365,119,17,34.00,30.00
619,2017-06-02,unityads,GB,android,6684,207,30,60.00,40.00
618,2017-06-02,unityads,DE,android,3326,101,22,44.00,60.50
617,2017-06-02,unityads,CA,android,6736,229,46,92.00,179.20
616,2017-06-02,google,US,ios,10036,281,55,99.99,140.32
615,2017-06-02,google,US,android,3374,114,26,33.33,149.20
614,2017-06-02,google,GB,ios,3263,136,17,33.33,20.00
613,2017-06-02,google,GB,android,3197,103,28,33.33,79.60
612,2017-06-02,google,FR,android,6703,202,40,66.66,110.50
611,2017-06-02,google,DE,android,3279,31,2,33.33,0.00
610,2017-06-02,google,CA,ios,3460,101,27,33.33,20.00
609,2017-06-02,facebook,US,ios,3274,114,23,45.60,128.89
608,2017-06-02,facebook,US,android,3293,159,28,63.60,49.60
607,2017-06-02,facebook,GB,android,6339,232,16,100.80,0.00
606,2017-06-02,facebook,FR,ios,3294,88,23,35.20,20.00
605,2017-06-02,facebook,DE,ios,6640,207,44,82.80,79.60
604,2017-06-02,facebook,DE,android,6901,165,38,66.00,40.00
603,2017-06-02,facebook,CA,ios,3334,100,23,40.00,60.32
602,2017-06-02,chartboost,US,ios,6388,191,36,72.00,60.00
601,2017-06-02,chartboost,US,android,3356,82,14,28.00,70.32
600,2017-06-02,chartboost,GB,ios,3268,130,27,54.00,20.00
599,2017-06-02,chartboost,GB,android,3376,122,28,56.00,109.20
598,2017-06-02,chartboost,FR,ios,6543,191,36,82.00,50.00
597,2017-06-02,chartboost,DE,ios,6521,142,36,93.00,120.47
596,2017-06-02,chartboost,CA,ios,3358,110,21,42.00,79.60
595,2017-06-02,apple_search_ads,US,ios,24166,697,113,226.00,130.00
594,2017-06-02,apple_search_ads,GB,ios,6788,213,40,80.00,118.55
593,2017-06-02,apple_search_ads,DE,ios,3252,133,23,46.00,49.60
592,2017-06-02,adcolony,US,ios,9692,290,65,87.00,279.53
591,2017-06-02,adcolony,US,android,23551,529,104,158.70,505.20
590,2017-06-01,vungle,US,ios,10410,313,61,122.00,50.00
589,2017-06-01,vungle,US,android,6948,184,40,80.00,250.96
588,2017-06-01,vungle,GB,ios,10393,329,57,114.00,308.00
587,2017-06-01,vungle,GB,android,6880,270,56,112.00,188.80
586,2017-06-01,unityads,US,ios,3221,110,19,38.00,69.27
585,2017-06-01,unityads,US,android,10320,376,74,208.00,220.24
584,2017-06-01,unityads,GB,ios,6457,195,40,80.00,109.60
583,2017-06-01,unityads,GB,android,3477,83,22,44.00,139.20
582,2017-06-01,unityads,DE,android,3256,97,14,28.00,20.00
581,2017-06-01,unityads,CA,ios,3290,125,21,42.00,59.60
580,2017-06-01,unityads,CA,android,3483,94,18,36.00,50.00
579,2017-06-01,google,US,ios,6670,175,30,66.66,20.00
578,2017-06-01,google,US,android,6631,193,44,66.66,90.32
577,2017-06-01,google,GB,android,6464,250,44,66.66,149.60
576,2017-06-01,google,FR,ios,3345,107,19,33.33,0.00
575,2017-06-01,google,FR,android,3288,103,26,33.33,79.27
574,2017-06-01,google,DE,android,3451,27,4,33.33,58.00
573,2017-06-01,google,CA,android,3284,88,12,33.33,10.00
572,2017-06-01,facebook,US,ios,3346,141,25,56.40,10.00
571,2017-06-01,facebook,US,android,3210,101,22,40.40,128.89
570,2017-06-01,facebook,GB,ios,3437,120,15,48.00,78.40
569,2017-06-01,facebook,GB,android,3348,74,10,37.00,50.00
568,2017-06-01,facebook,FR,android,3361,71,18,43583.00,10.00
567,2017-06-01,facebook,DE,ios,10397,290,49,116.00,110.24
566,2017-06-01,facebook,DE,android,3427,141,34,56.40,208.80
565,2017-06-01,facebook,CA,ios,3356,107,19,42.80,80.32
564,2017-06-01,chartboost,US,android,9784,288,54,108.00,169.76
563,2017-06-01,chartboost,GB,ios,3353,126,29,58.00,59.60
562,2017-06-01,chartboost,GB,android,3253,136,22,44.00,89.60
561,2017-06-01,chartboost,FR,android,6381,193,34,84.00,79.27
560,2017-06-01,chartboost,DE,ios,3314,32,5,25.00,10.00
559,2017-06-01,chartboost,DE,android,3245,97,20,40.00,70.24
558,2017-06-01,chartboost,CA,android,3473,91,20,40.00,69.60
557,2017-06-01,apple_search_ads,US,ios,22439,719,132,264.00,199.60
556,2017-06-01,apple_search_ads,GB,ios,6524,223,40,80.00,99.27
555,2017-06-01,apple_search_ads,DE,ios,3309,129,23,46.00,119.20
554,2017-06-01,adcolony,US,ios,9590,279,39,83.70,50.00
553,2017-06-01,adcolony,US,android,24157,533,100,159.90,345.04
552,2017-05-31,vungle,US,ios,6629,206,48,96.00,100.50
551,2017-05-31,vungle,US,android,9577,272,62,124.00,130.00
550,2017-05-31,vungle,GB,ios,3263,98,13,26.00,10.00
549,2017-05-31,vungle,GB,android,13104,497,104,208.00,368.00
548,2017-05-31,unityads,US,ios,3168,92,23,46.00,79.27
547,2017-05-31,unityads,US,android,10077,356,76,204.00,219.20
546,2017-05-31,unityads,GB,ios,3499,102,25,50.00,169.20
545,2017-05-31,unityads,GB,android,6509,188,32,64.00,90.32
544,2017-05-31,unityads,DE,android,3448,103,24,48.00,80.50
543,2017-05-31,unityads,CA,ios,3412,125,19,38.00,79.60
542,2017-05-31,unityads,CA,android,3204,100,14,28.00,0.00
541,2017-05-31,google,US,ios,6788,174,42,66.66,129.60
540,2017-05-31,google,US,android,6505,214,48,66.66,210.24
539,2017-05-31,google,GB,android,6593,247,40,66.66,99.60
538,2017-05-31,google,FR,ios,6332,227,52,66.66,129.77
537,2017-05-31,google,DE,android,3463,39,2,33.33,0.00
536,2017-05-31,google,CA,ios,3430,98,17,33.33,10.00
535,2017-05-31,facebook,US,ios,3249,100,17,40.00,30.00
534,2017-05-31,facebook,US,android,3280,155,34,62.00,10.00
533,2017-05-31,facebook,GB,ios,3407,126,15,50.40,20.00
532,2017-05-31,facebook,GB,android,3398,65,12,32.50,30.00
531,2017-05-31,facebook,FR,android,3389,83,18,33.20,109.20
530,2017-05-31,facebook,DE,ios,3340,133,13,53.20,0.00
529,2017-05-31,facebook,DE,android,9780,246,58,98.40,148.40
528,2017-05-31,facebook,CA,ios,3494,97,17,38.80,0.00
527,2017-05-31,chartboost,US,ios,6594,175,34,68.00,20.00
526,2017-05-31,chartboost,US,android,3292,92,24,48.00,129.44
525,2017-05-31,chartboost,GB,ios,3426,138,27,54.00,69.60
524,2017-05-31,chartboost,GB,android,3291,130,26,52.00,79.60
523,2017-05-31,chartboost,FR,ios,3322,130,21,42.00,30.00
522,2017-05-31,chartboost,FR,android,3280,87,10,40.00,20.00
521,2017-05-31,chartboost,DE,ios,3363,33,11,55.00,58.40
520,2017-05-31,chartboost,DE,android,3476,91,22,44.00,20.00
519,2017-05-31,chartboost,CA,ios,3210,107,27,54.00,59.60
518,2017-05-31,apple_search_ads,US,ios,22272,698,138,276.00,777.29
517,2017-05-31,apple_search_ads,GB,ios,6526,217,39,78.00,168.55
516,2017-05-31,apple_search_ads,DE,ios,3344,125,19,38.00,20.00
515,2017-05-31,adcolony,US,ios,20017,372,68,111.60,270.40
514,2017-05-31,adcolony,US,android,13369,411,80,123.30,149.44
513,2017-05-30,vungle,US,ios,6976,224,42,84.00,170.82
512,2017-05-30,vungle,US,android,9731,319,70,140.00,160.32
511,2017-05-30,vungle,GB,ios,3465,110,21,42.00,20.00
510,2017-05-30,vungle,GB,android,13692,474,88,176.00,199.20
509,2017-05-30,unityads,US,android,13549,440,82,212.00,129.92
508,2017-05-30,unityads,GB,ios,6785,184,40,80.00,288.00
507,2017-05-30,unityads,GB,android,3267,112,22,44.00,110.64
506,2017-05-30,unityads,DE,android,3419,93,14,28.00,70.50
505,2017-05-30,unityads,CA,ios,3213,120,27,54.00,30.00
504,2017-05-30,unityads,CA,android,3381,99,20,40.00,60.00
503,2017-05-30,google,US,ios,9523,300,61,99.99,260.56
502,2017-05-30,google,US,android,3467,87,18,33.33,100.64
501,2017-05-30,google,GB,ios,6420,233,54,66.66,278.40
500,2017-05-30,google,FR,ios,3225,101,25,33.33,10.00
499,2017-05-30,google,FR,android,3305,95,16,33.33,10.00
498,2017-05-30,google,DE,ios,3330,33,5,33.33,0.00
497,2017-05-30,google,CA,ios,3186,83,13,33.33,50.00
496,2017-05-30,facebook,US,ios,3205,131,19,52.40,99.20
495,2017-05-30,facebook,US,android,3241,106,28,42.40,90.00
494,2017-05-30,facebook,GB,ios,3270,135,17,54.00,0.00
493,2017-05-30,facebook,GB,android,3220,65,6,32.50,0.00
492,2017-05-30,facebook,FR,ios,3255,102,17,40.80,40.00
491,2017-05-30,facebook,DE,android,13299,396,74,158.40,188.00
490,2017-05-30,facebook,CA,android,3290,82,12,32.80,50.32
489,2017-05-30,chartboost,US,ios,3470,83,17,34.00,110.64
488,2017-05-30,chartboost,US,android,6830,171,26,52.00,100.00
487,2017-05-30,chartboost,GB,ios,6711,255,60,120.00,149.20
486,2017-05-30,chartboost,FR,ios,6926,187,40,102.00,50.00
485,2017-05-30,chartboost,DE,ios,3347,45,9,45.00,20.00
484,2017-05-30,chartboost,DE,android,3280,117,22,44.00,100.47
483,2017-05-30,chartboost,CA,ios,3358,86,21,42.00,20.00
482,2017-05-30,apple_search_ads,US,ios,22625,744,152,304.00,349.84
481,2017-05-30,apple_search_ads,GB,ios,6646,234,44,88.00,10.00
480,2017-05-30,apple_search_ads,DE,ios,3193,129,23,46.00,69.60
479,2017-05-30,adcolony,US,ios,16394,348,55,104.40,225.44
478,2017-05-30,adcolony,US,android,16938,439,90,131.70,250.24
477,2017-05-29,vungle,US,ios,3475,104,19,38.00,50.00
476,2017-05-29,vungle,US,android,13221,412,88,176.00,199.20
475,2017-05-29,vungle,GB,ios,6668,255,68,136.00,238.80
474,2017-05-29,vungle,GB,android,9767,356,78,156.00,298.00
473,2017-05-29,unityads,US,ios,3493,93,17,34.00,40.00
472,2017-05-29,unityads,US,android,10368,332,48,140.00,149.20
471,2017-05-29,unityads,GB,ios,6456,218,54,108.00,199.92
470,2017-05-29,unityads,GB,android,3237,104,24,48.00,30.00
469,2017-05-29,unityads,DE,ios,3482,94,15,30.00,60.50
468,2017-05-29,unityads,CA,android,6637,235,48,96.00,259.60
467,2017-05-29,google,US,ios,3265,96,23,33.33,79.60
466,2017-05-29,google,US,android,9729,319,68,99.99,179.92
465,2017-05-29,google,GB,ios,6673,290,56,66.66,159.20
464,2017-05-29,google,FR,ios,6562,205,48,66.66,100.50
463,2017-05-29,google,DE,ios,3235,34,5,33.33,0.00
462,2017-05-29,google,CA,android,3167,86,14,33.33,40.00
461,2017-05-29,facebook,US,ios,3483,86,17,34.40,108.89
460,2017-05-29,facebook,US,android,3259,138,32,55.20,89.60
459,2017-05-29,facebook,GB,ios,3489,61,1,43615.00,0.00
458,2017-05-29,facebook,GB,android,3216,128,10,51.20,10.00
457,2017-05-29,facebook,FR,android,3485,102,20,40.80,40.00
456,2017-05-29,facebook,DE,ios,6830,232,48,92.80,120.00
455,2017-05-29,facebook,DE,android,6537,164,30,65.60,98.64
454,2017-05-29,facebook,CA,android,3366,99,26,39.60,90.32
453,2017-05-29,chartboost,US,android,9539,316,76,152.00,299.21
452,2017-05-29,chartboost,GB,ios,3340,138,33,66.00,119.20
451,2017-05-29,chartboost,GB,android,3364,147,24,48.00,40.00
450,2017-05-29,chartboost,FR,ios,3265,60,7,28.00,10.00
449,2017-05-29,chartboost,FR,android,3270,127,26,52.00,69.27
448,2017-05-29,chartboost,DE,ios,3212,103,23,46.00,10.00
447,2017-05-29,chartboost,DE,android,3257,35,6,30.00,0.00
446,2017-05-29,chartboost,CA,ios,3302,113,31,62.00,69.60
445,2017-05-29,apple_search_ads,US,ios,22242,719,150,300.00,528.88
444,2017-05-29,apple_search_ads,GB,ios,6767,229,34,68.00,20.00
443,2017-05-29,apple_search_ads,DE,ios,3209,129,27,54.00,20.00
442,2017-05-29,adcolony,US,ios,13114,299,76,89.70,297.61
441,2017-05-29,adcolony,US,android,20942,527,96,158.10,109.60
440,2017-05-28,vungle,US,ios,9952,311,71,142.00,90.32
439,2017-05-28,vungle,US,android,6478,188,40,80.00,179.52
438,2017-05-28,vungle,GB,ios,6592,255,48,96.00,79.60
437,2017-05-28,vungle,GB,android,9598,346,72,144.00,100.00
436,2017-05-28,unityads,US,android,13278,441,92,240.00,289.52
435,2017-05-28,unityads,GB,ios,3298,83,17,34.00,129.20
434,2017-05-28,unityads,GB,android,6503,196,42,84.00,139.92
433,2017-05-28,unityads,DE,ios,3268,114,19,38.00,131.00
432,2017-05-28,unityads,CA,android,6671,247,48,96.00,80.00
431,2017-05-28,google,US,ios,9561,284,53,99.99,259.84
430,2017-05-28,google,US,android,3215,103,18,33.33,200.96
429,2017-05-28,google,GB,android,6835,258,44,66.66,139.20
428,2017-05-28,google,FR,ios,3201,104,23,33.33,80.50
427,2017-05-28,google,FR,android,3238,94,20,33.33,0.00
426,2017-05-28,google,DE,android,3361,35,4,33.33,10.00
425,2017-05-28,google,CA,android,3251,89,18,33.33,40.00
424,2017-05-28,facebook,US,android,6869,213,44,85.20,69.60
423,2017-05-28,facebook,GB,ios,3334,136,15,54.40,10.00
422,2017-05-28,facebook,GB,android,3374,69,6,34.50,50.00
421,2017-05-28,facebook,FR,android,3186,93,18,37.20,59.60
420,2017-05-28,facebook,DE,ios,10015,251,51,100.40,130.24
419,2017-05-28,facebook,DE,android,3382,136,22,54.40,0.00
418,2017-05-28,facebook,CA,android,3287,92,24,36.80,70.32
417,2017-05-28,chartboost,US,ios,3299,92,15,30.00,30.00
416,2017-05-28,chartboost,US,android,6443,187,38,76.00,120.64
415,2017-05-28,chartboost,GB,ios,3260,139,21,42.00,59.60
414,2017-05-28,chartboost,GB,android,3455,132,20,40.00,10.00
413,2017-05-28,chartboost,FR,ios,3445,83,9,36.00,10.00
412,2017-05-28,chartboost,FR,android,3449,125,28,56.00,79.27
411,2017-05-28,chartboost,DE,ios,3216,116,23,46.00,40.00
410,2017-05-28,chartboost,DE,android,3464,43,12,60.00,0.00
409,2017-05-28,chartboost,CA,android,3279,85,16,32.00,30.00
408,2017-05-28,apple_search_ads,US,ios,24086,689,145,290.00,638.40
407,2017-05-28,apple_search_ads,GB,ios,6575,236,31,62.00,50.00
406,2017-05-28,apple_search_ads,DE,ios,3338,142,28,56.00,89.60
405,2017-05-28,adcolony,US,ios,24480,560,95,168.00,130.00
404,2017-05-28,adcolony,US,android,10288,258,50,77.40,198.33
403,2017-05-27,vungle,US,ios,10101,304,59,118.00,50.00
402,2017-05-27,vungle,US,android,6935,199,44,88.00,89.60
401,2017-05-27,vungle,GB,ios,9737,301,55,110.00,109.60
400,2017-05-27,vungle,GB,android,6680,267,52,104.00,119.60
399,2017-05-27,unityads,US,ios,6428,243,52,104.00,50.00
398,2017-05-27,unityads,US,android,6587,223,36,104.00,60.00
397,2017-05-27,unityads,GB,ios,6942,186,38,76.00,20.00
396,2017-05-27,unityads,GB,android,3188,83,14,28.00,0.00
395,2017-05-27,unityads,DE,ios,3226,95,13,26.00,10.00
394,2017-05-27,unityads,CA,ios,3309,101,23,46.00,20.00
393,2017-05-27,unityads,CA,android,3255,115,22,44.00,20.00
392,2017-05-27,google,US,ios,3337,98,17,33.33,79.60
391,2017-05-27,google,US,android,9722,310,66,99.99,169.92
390,2017-05-27,google,GB,android,6760,256,52,66.66,208.80
389,2017-05-27,google,FR,android,6561,187,42,66.66,90.50
388,2017-05-27,google,CA,android,3266,109,22,33.33,20.00
387,2017-05-27,facebook,US,android,6924,224,48,89.60,159.04
386,2017-05-27,facebook,GB,ios,3170,150,13,60.00,10.00
385,2017-05-27,facebook,GB,android,3350,69,8,34.50,0.00
384,2017-05-27,facebook,FR,ios,3173,106,23,42.40,79.60
383,2017-05-27,facebook,DE,ios,3345,119,21,47.60,10.00
382,2017-05-27,facebook,DE,android,10046,276,48,110.40,50.00
381,2017-05-27,facebook,CA,android,3261,93,18,37.20,10.00
380,2017-05-27,chartboost,US,android,9797,286,62,124.00,100.00
379,2017-05-27,chartboost,GB,ios,3467,146,23,46.00,99.60
378,2017-05-27,chartboost,GB,android,3380,136,30,60.00,416.80
377,2017-05-27,chartboost,FR,android,6946,209,32,76.00,216.22
376,2017-05-27,chartboost,DE,ios,3167,92,21,42.00,90.24
375,2017-05-27,chartboost,DE,android,3266,19,2,10.00,0.00
374,2017-05-27,chartboost,CA,ios,3186,80,15,30.00,69.60
373,2017-05-27,apple_search_ads,US,ios,23116,759,168,336.00,588.80
372,2017-05-27,apple_search_ads,GB,ios,6467,240,58,116.00,158.55
371,2017-05-27,apple_search_ads,DE,ios,3332,121,21,42.00,20.00
370,2017-05-27,adcolony,US,ios,13677,407,92,122.10,199.60
369,2017-05-27,adcolony,US,android,16174,372,66,111.60,108.00
368,2017-05-26,vungle,US,ios,6769,211,38,76.00,241.28
367,2017-05-26,vungle,US,android,10277,299,62,124.00,160.50
366,2017-05-26,vungle,GB,ios,9980,346,63,126.00,377.60
365,2017-05-26,vungle,GB,android,6352,242,58,116.00,100.00
364,2017-05-26,unityads,US,ios,3296,105,19,38.00,10.00
363,2017-05-26,unityads,US,android,10063,321,66,172.00,79.60
362,2017-05-26,unityads,GB,ios,6745,188,34,68.00,149.20
361,2017-05-26,unityads,GB,android,3284,89,24,48.00,160.64
360,2017-05-26,unityads,DE,ios,3477,112,23,46.00,70.50
359,2017-05-26,unityads,CA,ios,6363,228,40,80.00,99.60
358,2017-05-26,google,US,ios,9863,313,61,99.99,179.20
357,2017-05-26,google,US,android,3479,124,20,33.33,40.00
356,2017-05-26,google,GB,android,6703,269,48,66.66,129.20
355,2017-05-26,google,FR,android,6500,210,38,66.66,59.27
354,2017-05-26,google,DE,ios,3460,35,5,33.33,68.00
353,2017-05-26,google,CA,android,3261,94,16,33.33,20.00
352,2017-05-26,facebook,US,ios,6372,222,44,88.80,178.89
351,2017-05-26,facebook,GB,ios,3330,139,15,55.60,0.00
350,2017-05-26,facebook,GB,android,3438,52,4,26.00,10.00
349,2017-05-26,facebook,FR,ios,3171,103,15,41.20,10.00
348,2017-05-26,facebook,DE,android,13523,370,78,148.00,199.60
347,2017-05-26,facebook,CA,android,3271,78,18,31.20,30.00
346,2017-05-26,chartboost,US,ios,6939,177,42,84.00,118.89
345,2017-05-26,chartboost,US,android,3195,99,24,48.00,160.64
344,2017-05-26,chartboost,GB,ios,3263,134,29,58.00,89.60
343,2017-05-26,chartboost,GB,android,3459,131,34,68.00,89.60
342,2017-05-26,chartboost,FR,android,6571,177,28,68.00,79.27
341,2017-05-26,chartboost,DE,ios,3327,93,19,38.00,80.24
340,2017-05-26,chartboost,DE,android,3258,31,8,40.00,96.80
339,2017-05-26,chartboost,CA,android,3174,101,22,44.00,69.60
338,2017-05-26,apple_search_ads,US,ios,23048,720,139,278.00,210.00
337,2017-05-26,apple_search_ads,GB,ios,6592,220,45,90.00,99.27
336,2017-05-26,apple_search_ads,DE,ios,3465,116,24,48.00,79.60
335,2017-05-26,adcolony,US,ios,12945,350,70,105.00,308.96
334,2017-05-26,adcolony,US,android,19670,483,90,144.90,179.04
333,2017-05-25,vungle,US,ios,13137,366,82,164.00,441.28
332,2017-05-25,vungle,US,android,3468,100,26,52.00,80.50
331,2017-05-25,vungle,GB,ios,9556,333,67,134.00,388.80
330,2017-05-25,vungle,GB,android,6720,219,40,80.00,109.60
329,2017-05-25,unityads,US,ios,10187,365,71,196.00,40.00
328,2017-05-25,unityads,US,android,3356,82,12,24.00,0.00
327,2017-05-25,unityads,GB,ios,6496,181,34,68.00,10.00
326,2017-05-25,unityads,GB,android,3332,88,20,40.00,120.32
325,2017-05-25,unityads,DE,ios,3415,108,23,46.00,50.00
324,2017-05-25,unityads,CA,android,6642,227,44,88.00,30.00
323,2017-05-25,google,US,ios,3432,104,21,33.33,69.60
322,2017-05-25,google,US,android,9773,273,52,99.99,70.00
321,2017-05-25,google,GB,ios,3353,127,27,33.33,20.00
320,2017-05-25,google,GB,android,3217,132,28,33.33,99.60
319,2017-05-25,google,FR,android,6609,212,38,66.66,90.50
318,2017-05-25,google,DE,ios,3432,32,1,33.33,0.00
317,2017-05-25,google,CA,ios,3233,117,25,33.33,80.00
316,2017-05-25,facebook,US,ios,6377,214,36,85.60,30.00
315,2017-05-25,facebook,GB,ios,3231,119,11,47.60,0.00
314,2017-05-25,facebook,GB,android,3498,54,10,27.00,10.00
313,2017-05-25,facebook,FR,android,3228,105,24,42.00,30.00
312,2017-05-25,facebook,DE,ios,6760,247,52,98.80,289.27
311,2017-05-25,facebook,DE,android,6890,169,38,67.60,40.00
310,2017-05-25,facebook,CA,android,3308,98,14,39.20,90.32
309,2017-05-25,chartboost,US,ios,6586,197,34,68.00,89.44
308,2017-05-25,chartboost,US,android,3192,105,12,24.00,70.32
307,2017-05-25,chartboost,GB,ios,3261,152,27,54.00,119.20
306,2017-05-25,chartboost,GB,android,3226,118,24,48.00,10.00
305,2017-05-25,chartboost,FR,ios,6596,191,32,82.00,50.00
304,2017-05-25,chartboost,DE,ios,6689,131,20,67.00,30.00
303,2017-05-25,chartboost,CA,ios,3374,93,15,30.00,20.00
302,2017-05-25,apple_search_ads,US,ios,23566,752,144,288.00,230.00
301,2017-05-25,apple_search_ads,GB,ios,6457,226,45,90.00,90.00
300,2017-05-25,apple_search_ads,DE,ios,3443,132,36,72.00,139.20
299,2017-05-25,adcolony,US,ios,20726,453,72,135.90,149.44
298,2017-05-25,adcolony,US,android,13424,385,84,115.50,207.20
297,2017-05-24,vungle,US,ios,6409,201,44,88.00,119.60
296,2017-05-24,vungle,US,android,10177,280,52,104.00,90.32
295,2017-05-24,vungle,GB,ios,9557,317,59,118.00,178.80
294,2017-05-24,vungle,GB,android,6752,270,46,92.00,109.60
293,2017-05-24,unityads,US,ios,9832,315,61,122.00,170.64
292,2017-05-24,unityads,US,android,3394,114,24,96.00,158.80
291,2017-05-24,unityads,GB,ios,3383,78,17,34.00,89.60
290,2017-05-24,unityads,GB,android,6561,211,36,72.00,90.32
289,2017-05-24,unityads,DE,android,3428,100,20,40.00,20.00
288,2017-05-24,unityads,CA,ios,6618,227,34,68.00,70.00
287,2017-05-24,google,US,ios,6644,204,48,66.66,159.92
286,2017-05-24,google,US,android,6513,181,34,66.66,148.80
285,2017-05-24,google,GB,android,6582,245,44,66.66,159.20
284,2017-05-24,google,FR,ios,3466,109,15,33.33,0.00
283,2017-05-24,google,FR,android,3398,105,14,33.33,49.27
282,2017-05-24,google,DE,ios,3432,27,3,33.33,0.00
281,2017-05-24,google,CA,ios,3313,108,29,33.33,90.00
280,2017-05-24,facebook,US,ios,3362,128,31,51.20,129.20
279,2017-05-24,facebook,US,android,3249,102,22,40.80,168.89
278,2017-05-24,facebook,GB,ios,3469,140,11,56.00,0.00
277,2017-05-24,facebook,GB,android,3450,51,4,43610.00,0.00
276,2017-05-24,facebook,FR,ios,3408,86,21,34.40,109.20
275,2017-05-24,facebook,DE,ios,6454,151,30,60.40,30.00
274,2017-05-24,facebook,DE,android,6345,223,40,89.20,89.60
273,2017-05-24,facebook,CA,ios,3428,97,25,38.80,30.00
272,2017-05-24,chartboost,US,ios,3479,118,21,42.00,60.00
271,2017-05-24,chartboost,US,android,6935,188,28,56.00,30.00
270,2017-05-24,chartboost,GB,ios,6497,237,48,96.00,50.00
269,2017-05-24,chartboost,FR,ios,6378,182,34,78.00,30.00
268,2017-05-24,chartboost,DE,android,6462,126,32,88.00,20.00
267,2017-05-24,chartboost,CA,android,3170,102,22,44.00,49.60
266,2017-05-24,apple_search_ads,US,ios,23339,674,123,246.00,399.68
265,2017-05-24,apple_search_ads,GB,ios,6578,209,47,94.00,159.27
264,2017-05-24,apple_search_ads,DE,ios,3355,129,27,54.00,169.20
263,2017-05-24,adcolony,US,ios,10289,369,61,110.70,258.80
262,2017-05-24,adcolony,US,android,24179,469,80,140.70,150.32
261,2017-05-23,vungle,US,ios,6665,200,42,84.00,352.64
260,2017-05-23,vungle,US,android,9909,283,62,124.00,170.32
259,2017-05-23,vungle,GB,ios,3311,127,19,38.00,49.60
258,2017-05-23,vungle,GB,android,13627,466,78,156.00,159.60
257,2017-05-23,unityads,US,ios,3307,123,23,46.00,200.96
256,2017-05-23,unityads,US,android,10416,368,80,216.00,149.20
255,2017-05-23,unityads,GB,ios,6611,187,46,92.00,119.60
254,2017-05-23,unityads,GB,android,3271,93,20,40.00,69.60
253,2017-05-23,unityads,DE,android,3461,88,16,32.00,20.00
252,2017-05-23,unityads,CA,android,6560,221,46,92.00,69.60
251,2017-05-23,google,US,ios,10087,270,57,99.99,440.08
250,2017-05-23,google,US,android,3478,90,18,33.33,79.60
249,2017-05-23,google,GB,ios,3437,132,29,33.33,208.40
248,2017-05-23,google,GB,android,3170,142,34,33.33,149.20
247,2017-05-23,google,FR,ios,3488,97,17,33.33,10.00
246,2017-05-23,google,FR,android,3307,98,16,33.33,10.00
245,2017-05-23,google,DE,android,3326,41,4,33.33,10.00
244,2017-05-23,google,CA,ios,3454,96,19,33.33,80.00
243,2017-05-23,facebook,US,ios,6584,182,36,72.80,79.44
242,2017-05-23,facebook,GB,ios,6369,207,26,89.90,30.00
241,2017-05-23,facebook,FR,ios,3394,109,19,43.60,10.00
240,2017-05-23,facebook,DE,ios,10218,269,55,107.60,90.24
239,2017-05-23,facebook,DE,android,3443,168,36,67.20,129.20
238,2017-05-23,facebook,CA,ios,3364,110,19,44.00,120.64
237,2017-05-23,chartboost,US,ios,3343,92,19,38.00,69.44
236,2017-05-23,chartboost,US,android,6520,220,50,100.00,100.00
235,2017-05-23,chartboost,GB,ios,6639,311,70,140.00,208.80
234,2017-05-23,chartboost,FR,android,6556,198,34,76.00,20.00
233,2017-05-23,chartboost,DE,ios,3382,80,19,38.00,50.24
232,2017-05-23,chartboost,DE,android,3441,36,6,30.00,0.00
231,2017-05-23,chartboost,CA,ios,3484,99,21,42.00,40.00
230,2017-05-23,apple_search_ads,US,ios,24331,731,135,270.00,567.93
229,2017-05-23,apple_search_ads,GB,ios,6832,236,54,108.00,70.00
228,2017-05-23,apple_search_ads,DE,ios,3199,139,27,54.00,20.00
227,2017-05-23,adcolony,US,ios,9510,321,61,96.30,178.80
226,2017-05-23,adcolony,US,android,22189,464,82,139.20,479.04
225,2017-05-22,vungle,US,ios,10262,296,55,110.00,249.52
224,2017-05-22,vungle,US,android,6716,193,36,72.00,100.50
223,2017-05-22,vungle,GB,ios,6825,238,42,84.00,99.60
222,2017-05-22,vungle,GB,android,9883,360,56,112.00,218.80
221,2017-05-22,unityads,US,ios,6589,227,36,72.00,59.60
220,2017-05-22,unityads,US,android,6364,229,46,144.00,400.08
219,2017-05-22,unityads,GB,ios,3269,104,25,50.00,10.00
218,2017-05-22,unityads,GB,android,6718,204,46,92.00,50.00
217,2017-05-22,unityads,DE,android,3472,111,24,48.00,30.00
216,2017-05-22,unityads,CA,android,6526,237,44,88.00,209.20
215,2017-05-22,google,US,ios,6583,184,36,66.66,218.80
214,2017-05-22,google,US,android,6817,205,36,66.66,220.96
213,2017-05-22,google,GB,ios,3492,129,25,33.33,99.20
212,2017-05-22,google,GB,android,3353,117,24,33.33,30.00
211,2017-05-22,google,FR,ios,6797,196,42,66.66,20.00
210,2017-05-22,google,DE,ios,3267,27,1,33.33,0.00
209,2017-05-22,google,CA,ios,3451,89,17,33.33,10.00
208,2017-05-22,facebook,US,ios,6527,220,50,88.00,129.44
207,2017-05-22,facebook,GB,ios,6597,194,20,84.70,20.00
206,2017-05-22,facebook,FR,ios,3354,101,21,40.40,0.00
205,2017-05-22,facebook,DE,android,13771,402,92,160.80,208.80
204,2017-05-22,facebook,CA,android,3248,87,10,34.80,60.32
203,2017-05-22,chartboost,US,ios,6764,176,38,76.00,178.89
202,2017-05-22,chartboost,US,android,3386,100,18,36.00,40.00
201,2017-05-22,chartboost,GB,ios,6972,246,48,96.00,100.00
200,2017-05-22,chartboost,FR,ios,6519,210,40,98.00,0.00
199,2017-05-22,chartboost,DE,android,6606,122,18,48.00,10.00
198,2017-05-22,chartboost,CA,ios,3168,105,15,30.00,49.60
197,2017-05-22,apple_search_ads,US,ios,24479,676,123,246.00,469.12
196,2017-05-22,apple_search_ads,GB,ios,6787,262,48,96.00,90.00
195,2017-05-22,apple_search_ads,DE,ios,3248,136,28,56.00,79.60
194,2017-05-22,adcolony,US,ios,16188,404,71,121.20,210.64
193,2017-05-22,adcolony,US,android,16043,430,64,129.00,138.00
192,2017-05-21,vungle,US,ios,6366,200,48,96.00,100.00
191,2017-05-21,vungle,US,android,9994,327,80,160.00,130.10
190,2017-05-21,vungle,GB,ios,9700,329,75,150.00,228.80
189,2017-05-21,vungle,GB,android,6942,242,38,76.00,208.80
188,2017-05-21,unityads,US,ios,13747,494,98,266.00,409.44
187,2017-05-21,unityads,GB,ios,3426,102,21,42.00,70.32
186,2017-05-21,unityads,GB,android,6917,197,40,80.00,169.20
185,2017-05-21,unityads,DE,android,3421,110,22,44.00,60.50
184,2017-05-21,unityads,CA,ios,3264,124,29,58.00,178.80
183,2017-05-21,unityads,CA,android,3264,95,16,32.00,50.00
182,2017-05-21,google,US,ios,3483,123,21,33.33,90.32
181,2017-05-21,google,US,android,9900,310,54,99.99,60.00
180,2017-05-21,google,GB,ios,3423,145,19,33.33,109.20
179,2017-05-21,google,GB,android,3208,126,18,33.33,69.60
178,2017-05-21,google,FR,ios,3254,106,23,33.33,98.55
177,2017-05-21,google,FR,android,3327,84,12,33.33,20.00
176,2017-05-21,google,DE,ios,3497,36,1,33.33,10.00
175,2017-05-21,google,CA,ios,3265,89,21,33.33,120.00
174,2017-05-21,facebook,US,ios,3228,138,21,55.20,79.60
173,2017-05-21,facebook,US,android,3262,99,18,39.60,10.00
172,2017-05-21,facebook,GB,ios,3227,54,5,27.00,0.00
171,2017-05-21,facebook,GB,android,3487,120,16,48.00,68.40
170,2017-05-21,facebook,FR,ios,3344,99,23,39.60,69.60
169,2017-05-21,facebook,DE,ios,3407,74,11,43645.00,20.00
168,2017-05-21,facebook,DE,android,10396,340,84,136.00,269.20
167,2017-05-21,facebook,CA,android,3365,97,20,38.80,0.00
166,2017-05-21,chartboost,US,android,10123,301,50,100.00,219.76
165,2017-05-21,chartboost,GB,ios,6375,250,56,112.00,169.20
164,2017-05-21,chartboost,FR,android,6972,192,26,64.00,30.00
163,2017-05-21,chartboost,DE,ios,3187,91,17,34.00,80.24
162,2017-05-21,chartboost,DE,android,3292,27,4,20.00,0.00
161,2017-05-21,chartboost,CA,android,3199,84,20,40.00,119.20
160,2017-05-21,apple_search_ads,US,ios,23845,738,141,282.00,678.57
159,2017-05-21,apple_search_ads,GB,ios,6975,227,45,90.00,50.00
158,2017-05-21,apple_search_ads,DE,ios,3213,129,28,56.00,79.60
157,2017-05-21,adcolony,US,ios,6511,239,48,71.70,188.80
156,2017-05-21,adcolony,US,android,27016,574,108,172.20,310.56
155,2017-05-20,vungle,US,ios,12712,402,72,144.00,159.92
154,2017-05-20,vungle,US,android,3338,111,18,36.00,60.00
153,2017-05-20,vungle,GB,ios,6841,243,32,64.00,119.60
152,2017-05-20,vungle,GB,android,9971,374,78,156.00,119.60
151,2017-05-20,unityads,US,ios,10468,329,59,118.00,99.27
150,2017-05-20,unityads,US,android,3453,155,34,136.00,149.20
149,2017-05-20,unityads,GB,ios,3415,96,19,38.00,248.40
148,2017-05-20,unityads,GB,android,6701,216,38,76.00,90.32
147,2017-05-20,unityads,DE,ios,3333,111,15,30.00,70.50
146,2017-05-20,unityads,CA,ios,3236,130,21,42.00,10.00
145,2017-05-20,unityads,CA,android,3361,100,26,52.00,60.00
144,2017-05-20,google,US,ios,6742,176,32,66.66,119.92
143,2017-05-20,google,US,android,6711,163,28,66.66,160.64
142,2017-05-20,google,GB,ios,3465,135,21,33.33,10.00
141,2017-05-20,google,GB,android,3236,139,26,33.33,119.20
140,2017-05-20,google,FR,ios,3267,93,15,33.33,50.50
139,2017-05-20,google,FR,android,3351,112,18,33.33,10.00
138,2017-05-20,google,DE,ios,3253,34,3,33.33,0.00
137,2017-05-20,google,CA,ios,3409,101,21,33.33,30.00
136,2017-05-20,facebook,US,ios,3385,117,19,46.80,49.60
135,2017-05-20,facebook,US,android,3169,96,18,38.40,118.89
134,2017-05-20,facebook,GB,ios,3354,70,9,35.00,50.00
133,2017-05-20,facebook,GB,android,3332,114,8,45.60,0.00
132,2017-05-20,facebook,FR,ios,3221,97,19,38.80,59.60
131,2017-05-20,facebook,DE,ios,6392,213,38,85.20,187.60
130,2017-05-20,facebook,DE,android,6360,188,28,75.20,60.00
129,2017-05-20,facebook,CA,android,3445,109,16,43.60,50.00
128,2017-05-20,chartboost,US,ios,10119,322,55,110.00,210.64
127,2017-05-20,chartboost,GB,ios,3280,126,21,42.00,69.60
126,2017-05-20,chartboost,GB,android,3476,120,28,56.00,10.00
125,2017-05-20,chartboost,FR,ios,3214,139,27,54.00,89.27
124,2017-05-20,chartboost,FR,android,3216,62,4,16.00,0.00
123,2017-05-20,chartboost,DE,ios,6588,127,32,97.00,30.00
122,2017-05-20,chartboost,CA,ios,3410,107,23,46.00,0.00
121,2017-05-20,apple_search_ads,US,ios,23045,701,130,260.00,498.00
120,2017-05-20,apple_search_ads,GB,ios,6610,231,37,74.00,50.00
119,2017-05-20,apple_search_ads,DE,ios,3365,151,22,44.00,20.00
118,2017-05-20,adcolony,US,ios,20464,389,74,116.70,118.00
117,2017-05-20,adcolony,US,android,13022,475,100,142.50,309.52
116,2017-05-19,vungle,US,ios,10115,273,67,134.00,190.50
115,2017-05-19,vungle,US,android,6754,200,38,76.00,180.24
114,2017-05-19,vungle,GB,ios,9599,406,81,162.00,208.80
113,2017-05-19,vungle,GB,android,6503,203,32,64.00,60.00
112,2017-05-19,unityads,US,ios,6725,259,46,142.00,179.20
111,2017-05-19,unityads,US,android,6918,235,38,76.00,10.00
110,2017-05-19,unityads,GB,ios,3223,100,17,34.00,59.60
109,2017-05-19,unityads,GB,android,6535,203,46,92.00,100.32
108,2017-05-19,unityads,DE,android,3302,84,14,28.00,0.00
107,2017-05-19,unityads,CA,ios,3359,162,27,54.00,49.60
106,2017-05-19,unityads,CA,android,3411,85,18,36.00,0.00
105,2017-05-19,google,US,ios,10009,292,59,99.99,248.40
104,2017-05-19,google,US,android,3255,113,18,33.33,100.32
103,2017-05-19,google,GB,ios,3486,122,33,33.33,149.20
102,2017-05-19,google,GB,android,3494,125,32,33.33,69.60
101,2017-05-19,google,FR,ios,3485,91,13,33.33,20.00
100,2017-05-19,google,FR,android,3222,115,32,33.33,69.27
99,2017-05-19,google,DE,android,3479,31,2,33.33,0.00
98,2017-05-19,google,CA,android,3375,92,14,33.33,50.00
97,2017-05-19,facebook,US,ios,3421,98,15,39.20,108.89
96,2017-05-19,facebook,US,android,3170,121,16,48.40,10.00
95,2017-05-19,facebook,GB,android,6369,183,20,78.50,20.00
94,2017-05-19,facebook,FR,android,3475,105,24,42.00,109.20
93,2017-05-19,facebook,DE,ios,10290,305,63,122.00,138.00
92,2017-05-19,facebook,DE,android,3171,78,12,31.20,60.24
91,2017-05-19,facebook,CA,android,3207,95,20,38.00,20.00
90,2017-05-19,chartboost,US,ios,6383,200,34,68.00,109.44
89,2017-05-19,chartboost,US,android,3381,114,32,64.00,130.32
88,2017-05-19,chartboost,GB,ios,3192,123,23,46.00,20.00
87,2017-05-19,chartboost,GB,android,3211,128,24,48.00,59.60
86,2017-05-19,chartboost,FR,ios,3454,68,5,20.00,58.40
85,2017-05-19,chartboost,FR,android,3410,131,26,52.00,30.00
84,2017-05-19,chartboost,DE,ios,3476,29,3,15.00,0.00
83,2017-05-19,chartboost,DE,android,3332,95,22,44.00,50.24
82,2017-05-19,chartboost,CA,ios,3429,101,19,38.00,69.60
81,2017-05-19,apple_search_ads,US,ios,22216,718,140,280.00,439.20
80,2017-05-19,apple_search_ads,GB,ios,6687,234,36,72.00,129.27
79,2017-05-19,apple_search_ads,DE,ios,3399,152,27,54.00,99.60
78,2017-05-19,adcolony,US,ios,10406,233,37,69.90,10.00
77,2017-05-19,adcolony,US,android,22849,578,112,173.40,199.60
76,2017-05-18,vungle,US,ios,6739,199,56,112.00,70.00
75,2017-05-18,vungle,US,android,9730,289,68,136.00,200.50
74,2017-05-18,vungle,GB,ios,10419,343,51,102.00,208.80
73,2017-05-18,vungle,GB,android,6843,201,50,100.00,50.00
72,2017-05-18,unityads,US,ios,6929,202,48,96.00,40.00
71,2017-05-18,unityads,US,android,6454,257,38,112.00,119.60
70,2017-05-18,unityads,GB,ios,3327,106,23,46.00,59.60
69,2017-05-18,unityads,GB,android,6570,184,36,72.00,30.00
68,2017-05-18,unityads,DE,android,3437,106,22,44.00,10.00
67,2017-05-18,unityads,CA,ios,6504,220,48,96.00,60.00
66,2017-05-18,google,US,ios,6356,191,46,66.66,158.80
65,2017-05-18,google,US,android,6663,204,46,66.66,321.60
64,2017-05-18,google,GB,android,6792,267,66,66.66,209.20
63,2017-05-18,google,FR,android,6948,192,32,66.66,30.00
62,2017-05-18,google,DE,ios,3359,45,3,33.33,0.00
61,2017-05-18,google,CA,android,3290,106,22,33.33,60.00
60,2017-05-18,facebook,US,ios,3397,102,19,40.80,0.00
59,2017-05-18,facebook,US,android,3418,112,24,44.80,129.20
58,2017-05-18,facebook,GB,ios,3236,131,13,52.40,10.00
57,2017-05-18,facebook,GB,android,3230,60,4,30.00,0.00
56,2017-05-18,facebook,FR,ios,3265,98,21,39.20,79.60
55,2017-05-18,facebook,DE,ios,3369,69,15,43643.00,0.00
54,2017-05-18,facebook,DE,android,10210,305,52,122.00,100.24
53,2017-05-18,facebook,CA,ios,3439,103,25,41.20,100.32
52,2017-05-18,chartboost,US,ios,3284,98,23,46.00,70.00
51,2017-05-18,chartboost,US,android,6395,203,34,68.00,50.00
50,2017-05-18,chartboost,GB,ios,3430,127,29,58.00,129.20
49,2017-05-18,chartboost,GB,android,3239,123,30,60.00,49.60
48,2017-05-18,chartboost,FR,ios,3292,70,11,44.00,20.00
47,2017-05-18,chartboost,FR,android,3444,130,22,44.00,30.00
46,2017-05-18,chartboost,DE,ios,3443,100,17,34.00,20.00
45,2017-05-18,chartboost,DE,android,3297,27,4,20.00,10.00
44,2017-05-18,chartboost,CA,android,3296,111,32,64.00,159.20
43,2017-05-18,apple_search_ads,US,ios,22918,690,136,272.00,439.04
42,2017-05-18,apple_search_ads,GB,ios,6710,251,55,110.00,20.00
41,2017-05-18,apple_search_ads,DE,ios,3185,119,24,48.00,139.20
40,2017-05-18,adcolony,US,ios,20427,539,102,161.70,179.60
39,2017-05-18,adcolony,US,android,13837,299,58,89.70,216.64
38,2017-05-17,vungle,US,ios,6818,184,32,64.00,110.32
37,2017-05-17,vungle,US,android,10188,287,54,108.00,201.14
36,2017-05-17,vungle,GB,ios,6862,247,50,100.00,20.00
35,2017-05-17,vungle,GB,android,10388,366,82,164.00,219.20
34,2017-05-17,unityads,US,ios,6798,254,46,92.00,129.92
33,2017-05-17,unityads,US,android,6340,234,42,128.00,69.60
32,2017-05-17,unityads,GB,ios,3175,95,19,38.00,50.00
31,2017-05-17,unityads,GB,android,6356,179,36,72.00,30.00
30,2017-05-17,unityads,DE,android,3215,112,18,36.00,50.00
29,2017-05-17,unityads,CA,ios,3454,124,27,54.00,109.20
28,2017-05-17,unityads,CA,android,3242,80,14,28.00,40.00
27,2017-05-17,google,US,ios,6843,199,30,66.66,149.92
26,2017-05-17,google,US,android,6334,180,36,66.66,180.96
25,2017-05-17,google,GB,ios,3443,115,23,33.33,50.00
24,2017-05-17,google,GB,android,3306,125,24,33.33,40.00
23,2017-05-17,google,FR,android,6689,209,42,66.66,90.50
22,2017-05-17,google,DE,android,3308,27,2,33.33,10.00
21,2017-05-17,google,CA,ios,3429,102,17,33.33,10.00
20,2017-05-17,facebook,US,ios,3349,92,23,36.80,99.44
19,2017-05-17,facebook,US,android,3350,146,32,58.40,129.20
18,2017-05-17,facebook,GB,android,6358,196,20,84.40,20.00
17,2017-05-17,facebook,FR,ios,3455,91,25,36.40,0.00
16,2017-05-17,facebook,DE,ios,9978,247,51,98.80,119.20
15,2017-05-17,facebook,DE,android,3350,80,12,32.00,10.00
14,2017-05-17,facebook,CA,ios,3201,104,19,41.60,10.00
13,2017-05-17,chartboost,US,ios,3268,109,23,46.00,20.00
12,2017-05-17,chartboost,US,android,6554,216,42,84.00,150.64
11,2017-05-17,chartboost,GB,ios,3231,115,31,62.00,79.60
10,2017-05-17,chartboost,GB,android,3210,117,18,36.00,59.60
9,2017-05-17,chartboost,FR,ios,6624,204,34,86.00,10.00
8,2017-05-17,chartboost,DE,ios,3363,109,13,26.00,40.00
7,2017-05-17,chartboost,DE,android,3240,25,2,10.00,0.00
6,2017-05-17,chartboost,CA,ios,3277,103,25,50.00,30.00
5,2017-05-17,apple_search_ads,US,ios,22426,729,139,278.00,418.64
4,2017-05-17,apple_search_ads,GB,ios,6683,226,43,86.00,149.27
3,2017-05-17,apple_search_ads,DE,ios,3180,118,25,50.00,20.00
2,2017-05-17,adcolony,US,ios,13886,336,60,100.80,210.24
1,2017-05-17,adcolony,US,android,19887,494,76,148.20,149.04
